3666	src/2_javascript/z_minified/browser/back_to_top.js
3886	src/2_javascript/z_minified/browser/change_page_title_on_leave.js
2017	src/2_javascript/z_minified/browser/copyright.js
2997	src/2_javascript/z_minified/browser/force_start_at_top.js
6772	src/2_javascript/z_minified/button/btn_download.js
4415	src/2_javascript/z_minified/cms/conditional_visibility.js
6078	src/2_javascript/z_minified/cms/related_articles.js
5168	src/2_javascript/z_minified/cms/responsive_limit.js
16925	src/2_javascript/z_minified/cms/table_of_content.js
9687	src/2_javascript/z_minified/flipbook/anime_flipbook.js
4257	src/2_javascript/z_minified/flipbook/magazine_page_turner.js
15117	src/2_javascript/z_minified/flipbook/realistic_flipbook.js
42368	src/2_javascript/z_minified/form/form_submission.js
49655	src/2_javascript/z_minified/form/form_validation.js
3575	src/2_javascript/z_minified/form/input_focus_handler.js
7436	src/2_javascript/z_minified/form/input_placeholder.js
18863	src/2_javascript/z_minified/form/label_office_hours.js
5292	src/2_javascript/z_minified/hero/hero_blog_article.js
20522	src/2_javascript/z_minified/hero/hero_cards.js
26776	src/2_javascript/z_minified/hero/hero_general.js
22475	src/2_javascript/z_minified/hero/hero_video.js
12973	src/2_javascript/z_minified/hero/hero_webshop.js
5647	src/2_javascript/z_minified/link/link_grid.js
7773	src/2_javascript/z_minified/link/link_hero.js
2578	src/2_javascript/z_minified/menu/accordion.js
12994	src/2_javascript/z_minified/menu/tab_autoplay.js
12460	src/2_javascript/z_minified/menu/tab_button.js
16385	src/2_javascript/z_minified/menu/tab_main.js
55632	src/2_javascript/z_minified/modal/modal_cookie_consent.js
29651	src/2_javascript/z_minified/modal/modal_welcome.js
14565	src/2_javascript/z_minified/navigation/dropdown.js
12924	src/2_javascript/z_minified/navigation/language_selector.js
30887	src/2_javascript/z_minified/navigation/mobile_menu.js
4828	src/2_javascript/z_minified/slider/marquee_brands.js
4830	src/2_javascript/z_minified/slider/marquee_clients.js
5089	src/2_javascript/z_minified/slider/timeline.js
12526	src/2_javascript/z_minified/video/video_background_hls.js
39818	src/2_javascript/z_minified/video/video_background_hls_hover.js
29461	src/2_javascript/z_minified/video/video_player_hls.js
38097	src/2_javascript/z_minified/video/video_player_hls_scroll.js
