588	src/2_javascript/z_minified/browser/back_to_top.js
860	src/2_javascript/z_minified/browser/change_page_title_on_leave.js
415	src/2_javascript/z_minified/browser/copyright.js
416	src/2_javascript/z_minified/browser/force_start_at_top.js
1797	src/2_javascript/z_minified/button/btn_download.js
726	src/2_javascript/z_minified/cms/conditional_visibility.js
1348	src/2_javascript/z_minified/cms/related_articles.js
1001	src/2_javascript/z_minified/cms/responsive_limit.js
5648	src/2_javascript/z_minified/cms/table_of_content.js
2652	src/2_javascript/z_minified/flipbook/anime_flipbook.js
955	src/2_javascript/z_minified/flipbook/magazine_page_turner.js
4870	src/2_javascript/z_minified/flipbook/realistic_flipbook.js
18083	src/2_javascript/z_minified/form/form_submission.js
21626	src/2_javascript/z_minified/form/form_validation.js
649	src/2_javascript/z_minified/form/input_focus_handler.js
1559	src/2_javascript/z_minified/form/input_placeholder.js
7090	src/2_javascript/z_minified/form/label_office_hours.js
1149	src/2_javascript/z_minified/hero/hero_blog_article.js
6617	src/2_javascript/z_minified/hero/hero_cards.js
9465	src/2_javascript/z_minified/hero/hero_general.js
7496	src/2_javascript/z_minified/hero/hero_video.js
4908	src/2_javascript/z_minified/hero/hero_webshop.js
1051	src/2_javascript/z_minified/link/link_grid.js
1924	src/2_javascript/z_minified/link/link_hero.js
891	src/2_javascript/z_minified/menu/accordion.js
2692	src/2_javascript/z_minified/menu/tab_autoplay.js
3706	src/2_javascript/z_minified/menu/tab_button.js
5321	src/2_javascript/z_minified/menu/tab_main.js
23455	src/2_javascript/z_minified/modal/modal_cookie_consent.js
10779	src/2_javascript/z_minified/modal/modal_welcome.js
4008	src/2_javascript/z_minified/navigation/dropdown.js
3269	src/2_javascript/z_minified/navigation/language_selector.js
7848	src/2_javascript/z_minified/navigation/mobile_menu.js
1417	src/2_javascript/z_minified/slider/marquee_brands.js
1418	src/2_javascript/z_minified/slider/marquee_clients.js
1437	src/2_javascript/z_minified/slider/timeline.js
3598	src/2_javascript/z_minified/video/video_background_hls.js
14606	src/2_javascript/z_minified/video/video_background_hls_hover.js
12135	src/2_javascript/z_minified/video/video_player_hls.js
15518	src/2_javascript/z_minified/video/video_player_hls_scroll.js
